取得日時,工区,ステータス
2026-02-02 23:30:55,A-1,作業中
2026-02-02 23:30:55,A-2,作業中
2026-02-02 23:30:55,A-3,作業中
2026-02-02 23:30:55,A-4,現場確認中
2026-02-02 23:30:55,A-5,作業中
2026-02-02 23:30:55,A-6,作業中
2026-02-02 23:30:55,B-1,現場確認中
2026-02-02 23:30:55,B-2-1,作業中
2026-02-02 23:30:55,B-2-2,作業中
2026-02-02 23:30:55,B-3-1,作業中
2026-02-02 23:30:55,B-3-2,現場確認中
2026-02-02 23:30:55,B-4-1,作業中
2026-02-02 23:30:55,B-4-2,作業中
2026-02-02 23:30:55,B-5,現場確認中
2026-02-02 23:30:55,B-6,作業中
2026-02-02 23:30:55,B-7,現場確認中
2026-02-02 23:30:55,B-8,現場確認中
2026-02-02 23:30:55,B-9,作業中
2026-02-02 23:30:55,B-10-1,作業中
2026-02-02 23:30:55,B-10-2,作業中
2026-02-02 23:30:55,B-11-1,現場確認中
2026-02-02 23:30:55,B-11-2A,作業中
2026-02-02 23:30:55,B-11-2B,作業中
2026-02-02 23:30:55,B-12-1,現場確認中
2026-02-02 23:30:55,B-12-2,現場確認中
2026-02-02 23:30:55,B-13,現場確認中
2026-02-02 23:30:55,C-1-1,作業中
2026-02-02 23:30:55,C-1-2,作業中
2026-02-02 23:30:55,C-2-1,現場確認中
2026-02-02 23:30:55,C-2-2,現場確認中
2026-02-02 23:30:55,C-3-1,現場確認中
2026-02-02 23:30:55,C-3-2,作業中
2026-02-02 23:30:55,C-4-1,作業中
2026-02-02 23:30:55,C-4-2,作業中
2026-02-02 23:30:55,C-5,作業中
2026-02-02 23:30:55,C-6,作業中
2026-02-02 23:30:55,C-7,作業中
2026-02-02 23:30:55,C-8,作業中
2026-02-02 23:30:55,D-1-1,作業中
2026-02-02 23:30:55,D-1-2,作業中
2026-02-02 23:30:55,D-2,作業中
2026-02-02 23:30:55,D-3,作業中
2026-02-02 23:30:55,D-4,作業中
2026-02-02 23:30:55,D-5,作業中
2026-02-02 23:30:55,D-6-1,作業中
2026-02-02 23:30:55,D-6-2,作業中
2026-02-02 23:30:55,D-7,作業中
2026-02-02 23:30:55,D-8,作業中
2026-02-02 23:30:55,D-9,作業中
2026-02-02 23:30:55,D-10,作業中
2026-02-02 23:30:55,D-11,作業中
2026-02-02 23:30:55,D-12-1,作業中
2026-02-02 23:30:55,D-12-2,作業中
2026-02-02 23:30:55,D-13,作業中
2026-02-02 23:30:55,D-14,作業中
2026-02-02 23:30:55,D-15,作業中
2026-02-02 23:30:55,D-16,作業中
2026-02-02 23:30:55,D-17,現場確認中
2026-02-02 23:30:55,E-1-1,現場確認中
2026-02-02 23:30:55,E-1-2,現場確認中
2026-02-02 23:30:55,E-2,作業中
2026-02-02 23:30:55,E-3-1,作業中
2026-02-02 23:30:55,E-3-2,現場確認中
2026-02-02 23:30:55,E-3-3,作業中
2026-02-02 23:30:55,E-4-1,作業中
2026-02-02 23:30:55,E-4-2,作業中
2026-02-02 23:30:55,E-5,作業中
2026-02-02 23:30:55,E-6,作業中
2026-02-02 23:30:55,E-7-1,作業中
2026-02-02 23:30:55,E-7-2,作業中
2026-02-02 23:30:55,E-8,作業中
2026-02-02 23:30:55,E-9,作業中
2026-02-02 23:30:55,E-10-1,作業中
2026-02-02 23:30:55,E-10-2,作業中
2026-02-02 23:30:55,F-1,作業中
2026-02-02 23:30:55,F-2-1,現場確認中
2026-02-02 23:30:55,F-2-2A,作業中
2026-02-02 23:30:55,F-2-2B,現場確認中
2026-02-02 23:30:55,F-2-2C,現場確認中
2026-02-02 23:30:55,F-3,作業中
2026-02-02 23:30:55,F-4-1,作業中
2026-02-02 23:30:55,F-4-2,現場確認中
2026-02-02 23:30:55,F-5,現場確認中
2026-02-02 23:30:55,F-6-1,作業中
2026-02-02 23:30:55,F-6-2,作業予定あり
2026-02-02 23:30:55,F-7,作業中
2026-02-02 23:30:55,F-8-1,作業中
2026-02-02 23:30:55,F-8-2,作業中
2026-02-02 23:30:55,F-9,作業中
2026-02-02 23:30:55,F-10,現場確認中
2026-02-02 23:30:55,F-11,作業予定あり
2026-02-02 23:30:55,G-1-1,作業中
2026-02-02 23:30:55,G-1-2,作業中
2026-02-02 23:30:55,G-2,作業中
2026-02-02 23:30:55,G-3,現場確認中
2026-02-02 23:30:55,G-4,作業中
2026-02-02 23:30:55,G-5,作業中
2026-02-02 23:30:55,G-6-1,現場確認中
2026-02-02 23:30:55,G-6-2,現場確認中
2026-02-02 23:30:55,G-7,現場確認中
2026-02-02 23:30:55,G-8,作業中
2026-02-02 23:30:55,G-9,作業中
2026-02-02 23:30:55,G-10,作業中
2026-02-02 23:30:55,H-1-1,作業予定あり
2026-02-02 23:30:55,H-1-2,作業中
2026-02-02 23:30:55,H-2-1,作業予定あり
2026-02-02 23:30:55,H-2-2,作業中
2026-02-02 23:30:55,H-3,現場確認中
2026-02-02 23:30:55,H-4,作業中
2026-02-02 23:30:55,I-1,作業中
2026-02-02 23:30:55,I-2-1,現場確認中
2026-02-02 23:30:55,I-2-2,作業中
2026-02-02 23:30:55,I-2-3,現場確認中
2026-02-02 23:30:55,I-3-1A,作業中
2026-02-02 23:30:55,I-3-1B,作業中
2026-02-02 23:30:55,I-3-1C,作業中
2026-02-02 23:30:55,I-3-2,作業中
2026-02-02 23:30:55,J-1-1,現場確認中
2026-02-02 23:30:55,J-1-2,作業中
2026-02-02 23:30:55,J-2,作業中
2026-02-02 23:30:55,J-3,作業中
2026-02-02 23:30:55,J-4,作業中
2026-02-02 23:30:55,J-5-1,現場確認中
2026-02-02 23:30:55,J-5-2,作業中
2026-02-02 23:30:55,J-6,作業中
2026-02-02 23:30:55,J-7,作業中
2026-02-02 23:30:55,J-8,現場確認中
2026-02-02 23:30:55,J-9,作業中
2026-02-02 23:30:55,J-10,現場確認中
2026-02-02 23:30:55,J-11,作業中
2026-02-02 23:30:55,J-12,作業中
2026-02-02 23:30:55,J-13,作業予定あり
2026-02-02 23:30:55,J-14,作業中
2026-02-02 23:30:55,J-15,作業中
2026-02-02 23:30:55,J-16-1,作業中
2026-02-02 23:30:55,J-16-2,作業予定あり
2026-02-02 23:30:55,J-17,作業中
2026-02-02 23:30:55,J-18,作業中
2026-02-02 23:30:55,K-1,作業中
2026-02-02 23:30:55,K-2,作業中
2026-02-02 23:30:55,K-3,作業予定あり
2026-02-02 23:30:55,K-4,作業中
2026-02-02 23:30:55,L-1,作業中
2026-02-02 23:30:55,L-2,作業中
2026-02-02 23:30:55,L-3,現場確認中
2026-02-02 23:30:55,L-4,作業中
2026-02-02 23:30:55,L-5,作業予定あり
2026-02-02 23:30:55,L-6,作業中
2026-02-02 23:30:55,L-7,作業中
2026-02-02 23:30:55,L-8,現場確認中
2026-02-02 23:30:55,L-9,作業中
2026-02-02 23:30:55,細越工区,作業中
2026-02-02 23:30:55,問屋町工区,作業中
2026-02-02 23:30:55,松元台団地工区,現場確認中
2026-02-02 23:30:55,幸畑団地1工区,作業中
2026-02-02 23:30:55,幸畑団地2工区,作業中
2026-02-02 23:30:55,幸畑阿部野工区,作業中
2026-02-02 23:30:55,幸畑谷脇工区,作業中
2026-02-02 23:30:55,月見野工区,作業中
2026-02-02 23:30:55,戸山団地1工区,作業中
2026-02-02 23:30:55,戸山団地2工区,作業中
2026-02-02 23:30:55,戸山団地3工区,作業中
2026-02-02 23:30:55,戸山団地4工区,作業中
2026-02-02 23:30:55,野内工区,作業中
2026-02-02 23:30:55,久栗坂工区,作業中
2026-02-02 23:30:55,浅虫工区,作業中
2026-02-02 23:30:55,戸山工区,現場確認中
2026-02-02 23:30:55,桑原工区,作業中
2026-02-02 23:30:55,宮田工区,作業中
2026-02-02 23:30:55,諏訪沢工区,作業中
2026-02-02 23:30:55,後潟工区,作業中
2026-02-02 23:30:55,内真部工区,作業中
2026-02-02 23:30:55,奥内1工区,作業中
2026-02-02 23:30:55,奥内2工区,作業予定あり
2026-02-02 23:30:55,飛鳥工区,作業中
2026-02-02 23:30:55,白旗野工区,作業中
2026-02-02 23:30:55,鶴ｹ坂･孫内工区,作業中
2026-02-02 23:30:55,太陽台団地工区,現場確認中
2026-02-02 23:30:55,高田工区,現場確認中
2026-02-02 23:30:55,荒川･八ﾂ役1工区,作業中
2026-02-02 23:30:55,荒川･八ﾂ役2工区,作業中
2026-02-02 23:30:55,金浜･上野工区,作業中
2026-02-02 23:30:55,大別内工区,作業中
2026-02-02 23:30:55,野木工区,作業中
2026-02-02 23:30:55,合子沢工区,作業予定あり
2026-02-02 23:30:55,横内1工区,作業予定あり
2026-02-02 23:30:55,横内2工区,作業予定あり
2026-02-02 23:30:55,梨の木工区,現場確認中
2026-02-02 23:30:55,沢山工区,現場確認中
2026-02-02 23:30:55,三本木工区,現場確認中
2026-02-02 23:30:55,矢田工区,作業中
2026-02-02 23:30:55,下湯工区,現場確認中
2026-02-02 23:33:26,A-1,作業中
2026-02-02 23:33:26,A-2,作業中
2026-02-02 23:33:26,A-3,作業中
2026-02-02 23:33:26,A-4,現場確認中
2026-02-02 23:33:26,A-5,作業中
2026-02-02 23:33:26,A-6,作業中
2026-02-02 23:33:26,B-1,現場確認中
2026-02-02 23:33:26,B-2-1,作業中
2026-02-02 23:33:26,B-2-2,作業中
2026-02-02 23:33:26,B-3-1,作業中
2026-02-02 23:33:26,B-3-2,現場確認中
2026-02-02 23:33:26,B-4-1,作業中
2026-02-02 23:33:26,B-4-2,作業中
2026-02-02 23:33:26,B-5,現場確認中
2026-02-02 23:33:26,B-6,作業中
2026-02-02 23:33:26,B-7,現場確認中
2026-02-02 23:33:26,B-8,現場確認中
2026-02-02 23:33:26,B-9,作業中
2026-02-02 23:33:26,B-10-1,作業中
2026-02-02 23:33:26,B-10-2,作業中
2026-02-02 23:33:26,B-11-1,現場確認中
2026-02-02 23:33:26,B-11-2A,作業中
2026-02-02 23:33:26,B-11-2B,作業中
2026-02-02 23:33:26,B-12-1,現場確認中
2026-02-02 23:33:26,B-12-2,現場確認中
2026-02-02 23:33:26,B-13,現場確認中
2026-02-02 23:33:26,C-1-1,作業中
2026-02-02 23:33:26,C-1-2,作業中
2026-02-02 23:33:26,C-2-1,現場確認中
2026-02-02 23:33:26,C-2-2,現場確認中
2026-02-02 23:33:26,C-3-1,現場確認中
2026-02-02 23:33:26,C-3-2,作業中
2026-02-02 23:33:26,C-4-1,作業中
2026-02-02 23:33:26,C-4-2,作業中
2026-02-02 23:33:26,C-5,作業中
2026-02-02 23:33:26,C-6,作業中
2026-02-02 23:33:26,C-7,作業中
2026-02-02 23:33:26,C-8,作業中
2026-02-02 23:33:26,D-1-1,作業中
2026-02-02 23:33:26,D-1-2,作業中
2026-02-02 23:33:26,D-2,作業中
2026-02-02 23:33:26,D-3,作業中
2026-02-02 23:33:26,D-4,作業中
2026-02-02 23:33:26,D-5,作業中
2026-02-02 23:33:26,D-6-1,作業中
2026-02-02 23:33:26,D-6-2,作業中
2026-02-02 23:33:26,D-7,作業中
2026-02-02 23:33:26,D-8,作業中
2026-02-02 23:33:26,D-9,作業中
2026-02-02 23:33:26,D-10,作業中
2026-02-02 23:33:26,D-11,作業中
2026-02-02 23:33:26,D-12-1,作業中
2026-02-02 23:33:26,D-12-2,作業中
2026-02-02 23:33:26,D-13,作業中
2026-02-02 23:33:26,D-14,作業中
2026-02-02 23:33:26,D-15,作業中
2026-02-02 23:33:26,D-16,作業中
2026-02-02 23:33:26,D-17,現場確認中
2026-02-02 23:33:26,E-1-1,現場確認中
2026-02-02 23:33:26,E-1-2,現場確認中
2026-02-02 23:33:26,E-2,作業中
2026-02-02 23:33:26,E-3-1,作業中
2026-02-02 23:33:26,E-3-2,現場確認中
2026-02-02 23:33:26,E-3-3,作業中
2026-02-02 23:33:26,E-4-1,作業中
2026-02-02 23:33:26,E-4-2,作業中
2026-02-02 23:33:26,E-5,作業中
2026-02-02 23:33:26,E-6,作業中
2026-02-02 23:33:26,E-7-1,作業中
2026-02-02 23:33:26,E-7-2,作業中
2026-02-02 23:33:26,E-8,作業中
2026-02-02 23:33:26,E-9,作業中
2026-02-02 23:33:26,E-10-1,作業中
2026-02-02 23:33:26,E-10-2,作業中
2026-02-02 23:33:26,F-1,作業中
2026-02-02 23:33:26,F-2-1,現場確認中
2026-02-02 23:33:26,F-2-2A,作業中
2026-02-02 23:33:26,F-2-2B,現場確認中
2026-02-02 23:33:26,F-2-2C,現場確認中
2026-02-02 23:33:26,F-3,作業中
2026-02-02 23:33:26,F-4-1,作業中
2026-02-02 23:33:26,F-4-2,現場確認中
2026-02-02 23:33:26,F-5,現場確認中
2026-02-02 23:33:26,F-6-1,作業中
2026-02-02 23:33:26,F-6-2,作業予定あり
2026-02-02 23:33:26,F-7,作業中
2026-02-02 23:33:26,F-8-1,作業中
2026-02-02 23:33:26,F-8-2,作業中
2026-02-02 23:33:26,F-9,作業中
2026-02-02 23:33:26,F-10,現場確認中
2026-02-02 23:33:26,F-11,作業予定あり
2026-02-02 23:33:26,G-1-1,作業中
2026-02-02 23:33:26,G-1-2,作業中
2026-02-02 23:33:26,G-2,作業中
2026-02-02 23:33:26,G-3,現場確認中
2026-02-02 23:33:26,G-4,作業中
2026-02-02 23:33:26,G-5,作業中
2026-02-02 23:33:26,G-6-1,現場確認中
2026-02-02 23:33:26,G-6-2,現場確認中
2026-02-02 23:33:26,G-7,現場確認中
2026-02-02 23:33:26,G-8,作業中
2026-02-02 23:33:26,G-9,作業中
2026-02-02 23:33:26,G-10,作業中
2026-02-02 23:33:26,H-1-1,作業予定あり
2026-02-02 23:33:26,H-1-2,作業中
2026-02-02 23:33:26,H-2-1,作業予定あり
2026-02-02 23:33:26,H-2-2,作業中
2026-02-02 23:33:26,H-3,現場確認中
2026-02-02 23:33:26,H-4,作業中
2026-02-02 23:33:26,I-1,作業中
2026-02-02 23:33:26,I-2-1,現場確認中
2026-02-02 23:33:26,I-2-2,作業中
2026-02-02 23:33:26,I-2-3,現場確認中
2026-02-02 23:33:26,I-3-1A,作業中
2026-02-02 23:33:26,I-3-1B,作業中
2026-02-02 23:33:26,I-3-1C,作業中
2026-02-02 23:33:26,I-3-2,作業中
2026-02-02 23:33:26,J-1-1,現場確認中
2026-02-02 23:33:26,J-1-2,作業中
2026-02-02 23:33:26,J-2,作業中
2026-02-02 23:33:26,J-3,作業中
2026-02-02 23:33:26,J-4,作業中
2026-02-02 23:33:26,J-5-1,現場確認中
2026-02-02 23:33:26,J-5-2,作業中
2026-02-02 23:33:26,J-6,作業中
2026-02-02 23:33:26,J-7,作業中
2026-02-02 23:33:26,J-8,現場確認中
2026-02-02 23:33:26,J-9,作業中
2026-02-02 23:33:26,J-10,現場確認中
2026-02-02 23:33:26,J-11,作業中
2026-02-02 23:33:26,J-12,作業中
2026-02-02 23:33:26,J-13,作業予定あり
2026-02-02 23:33:26,J-14,作業中
2026-02-02 23:33:26,J-15,作業中
2026-02-02 23:33:26,J-16-1,作業中
2026-02-02 23:33:26,J-16-2,作業予定あり
2026-02-02 23:33:26,J-17,作業中
2026-02-02 23:33:26,J-18,作業中
2026-02-02 23:33:26,K-1,作業中
2026-02-02 23:33:26,K-2,作業中
2026-02-02 23:33:26,K-3,作業予定あり
2026-02-02 23:33:26,K-4,作業中
2026-02-02 23:33:26,L-1,作業中
2026-02-02 23:33:26,L-2,作業中
2026-02-02 23:33:26,L-3,現場確認中
2026-02-02 23:33:26,L-4,作業中
2026-02-02 23:33:26,L-5,作業予定あり
2026-02-02 23:33:26,L-6,作業中
2026-02-02 23:33:26,L-7,作業中
2026-02-02 23:33:26,L-8,現場確認中
2026-02-02 23:33:26,L-9,作業中
2026-02-02 23:33:26,細越工区,作業中
2026-02-02 23:33:26,問屋町工区,作業中
2026-02-02 23:33:26,松元台団地工区,現場確認中
2026-02-02 23:33:26,幸畑団地1工区,作業中
2026-02-02 23:33:26,幸畑団地2工区,作業中
2026-02-02 23:33:26,幸畑阿部野工区,作業中
2026-02-02 23:33:26,幸畑谷脇工区,作業中
2026-02-02 23:33:26,月見野工区,作業中
2026-02-02 23:33:26,戸山団地1工区,作業中
2026-02-02 23:33:26,戸山団地2工区,作業中
2026-02-02 23:33:26,戸山団地3工区,作業中
2026-02-02 23:33:26,戸山団地4工区,作業中
2026-02-02 23:33:26,野内工区,作業中
2026-02-02 23:33:26,久栗坂工区,作業中
2026-02-02 23:33:26,浅虫工区,作業中
2026-02-02 23:33:26,戸山工区,現場確認中
2026-02-02 23:33:26,桑原工区,作業中
2026-02-02 23:33:26,宮田工区,作業中
2026-02-02 23:33:26,諏訪沢工区,作業中
2026-02-02 23:33:26,後潟工区,作業中
2026-02-02 23:33:26,内真部工区,作業中
2026-02-02 23:33:26,奥内1工区,作業中
2026-02-02 23:33:26,奥内2工区,作業予定あり
2026-02-02 23:33:26,飛鳥工区,作業中
2026-02-02 23:33:26,白旗野工区,作業中
2026-02-02 23:33:26,鶴ｹ坂･孫内工区,作業中
2026-02-02 23:33:26,太陽台団地工区,現場確認中
2026-02-02 23:33:26,高田工区,現場確認中
2026-02-02 23:33:26,荒川･八ﾂ役1工区,作業中
2026-02-02 23:33:26,荒川･八ﾂ役2工区,作業中
2026-02-02 23:33:26,金浜･上野工区,作業中
2026-02-02 23:33:26,大別内工区,作業中
2026-02-02 23:33:26,野木工区,作業中
2026-02-02 23:33:26,合子沢工区,作業予定あり
2026-02-02 23:33:26,横内1工区,作業予定あり
2026-02-02 23:33:26,横内2工区,作業予定あり
2026-02-02 23:33:26,梨の木工区,現場確認中
2026-02-02 23:33:26,沢山工区,現場確認中
2026-02-02 23:33:26,三本木工区,現場確認中
2026-02-02 23:33:26,矢田工区,作業中
2026-02-02 23:33:26,下湯工区,現場確認中
2026-02-02 23:34:46,A-1,作業中
2026-02-02 23:34:46,A-2,作業中
2026-02-02 23:34:46,A-3,作業中
2026-02-02 23:34:46,A-4,現場確認中
2026-02-02 23:34:46,A-5,作業中
2026-02-02 23:34:46,A-6,作業中
2026-02-02 23:34:46,B-1,現場確認中
2026-02-02 23:34:46,B-2-1,作業中
2026-02-02 23:34:46,B-2-2,作業中
2026-02-02 23:34:46,B-3-1,作業中
2026-02-02 23:34:46,B-3-2,現場確認中
2026-02-02 23:34:46,B-4-1,作業中
2026-02-02 23:34:46,B-4-2,作業中
2026-02-02 23:34:46,B-5,現場確認中
2026-02-02 23:34:46,B-6,作業中
2026-02-02 23:34:46,B-7,現場確認中
2026-02-02 23:34:46,B-8,現場確認中
2026-02-02 23:34:46,B-9,作業中
2026-02-02 23:34:46,B-10-1,作業中
2026-02-02 23:34:46,B-10-2,作業中
2026-02-02 23:34:46,B-11-1,現場確認中
2026-02-02 23:34:46,B-11-2A,作業中
2026-02-02 23:34:46,B-11-2B,作業中
2026-02-02 23:34:46,B-12-1,現場確認中
2026-02-02 23:34:46,B-12-2,現場確認中
2026-02-02 23:34:46,B-13,現場確認中
2026-02-02 23:34:46,C-1-1,作業中
2026-02-02 23:34:46,C-1-2,作業中
2026-02-02 23:34:46,C-2-1,現場確認中
2026-02-02 23:34:46,C-2-2,現場確認中
2026-02-02 23:34:46,C-3-1,現場確認中
2026-02-02 23:34:46,C-3-2,作業中
2026-02-02 23:34:46,C-4-1,作業中
2026-02-02 23:34:46,C-4-2,作業中
2026-02-02 23:34:46,C-5,作業中
2026-02-02 23:34:46,C-6,作業中
2026-02-02 23:34:46,C-7,作業中
2026-02-02 23:34:46,C-8,作業中
2026-02-02 23:34:46,D-1-1,作業中
2026-02-02 23:34:46,D-1-2,作業中
2026-02-02 23:34:46,D-2,作業中
2026-02-02 23:34:46,D-3,作業中
2026-02-02 23:34:46,D-4,作業中
2026-02-02 23:34:46,D-5,作業中
2026-02-02 23:34:46,D-6-1,作業中
2026-02-02 23:34:46,D-6-2,作業中
2026-02-02 23:34:46,D-7,作業中
2026-02-02 23:34:46,D-8,作業中
2026-02-02 23:34:46,D-9,作業中
2026-02-02 23:34:46,D-10,作業中
2026-02-02 23:34:46,D-11,作業中
2026-02-02 23:34:46,D-12-1,作業中
2026-02-02 23:34:46,D-12-2,作業中
2026-02-02 23:34:46,D-13,作業中
2026-02-02 23:34:46,D-14,作業中
2026-02-02 23:34:46,D-15,作業中
2026-02-02 23:34:46,D-16,作業中
2026-02-02 23:34:46,D-17,現場確認中
2026-02-02 23:34:46,E-1-1,現場確認中
2026-02-02 23:34:46,E-1-2,現場確認中
2026-02-02 23:34:46,E-2,作業中
2026-02-02 23:34:46,E-3-1,作業中
2026-02-02 23:34:46,E-3-2,現場確認中
2026-02-02 23:34:46,E-3-3,作業中
2026-02-02 23:34:46,E-4-1,作業中
2026-02-02 23:34:46,E-4-2,作業中
2026-02-02 23:34:46,E-5,作業中
2026-02-02 23:34:46,E-6,作業中
2026-02-02 23:34:46,E-7-1,作業中
2026-02-02 23:34:46,E-7-2,作業中
2026-02-02 23:34:46,E-8,作業中
2026-02-02 23:34:46,E-9,作業中
2026-02-02 23:34:46,E-10-1,作業中
2026-02-02 23:34:46,E-10-2,作業中
2026-02-02 23:34:46,F-1,作業中
2026-02-02 23:34:46,F-2-1,現場確認中
2026-02-02 23:34:46,F-2-2A,作業中
2026-02-02 23:34:46,F-2-2B,現場確認中
2026-02-02 23:34:46,F-2-2C,現場確認中
2026-02-02 23:34:46,F-3,作業中
2026-02-02 23:34:46,F-4-1,作業中
2026-02-02 23:34:46,F-4-2,現場確認中
2026-02-02 23:34:46,F-5,現場確認中
2026-02-02 23:34:46,F-6-1,作業中
2026-02-02 23:34:46,F-6-2,作業予定あり
2026-02-02 23:34:46,F-7,作業中
2026-02-02 23:34:46,F-8-1,作業中
2026-02-02 23:34:46,F-8-2,作業中
2026-02-02 23:34:46,F-9,作業中
2026-02-02 23:34:46,F-10,現場確認中
2026-02-02 23:34:46,F-11,作業予定あり
2026-02-02 23:34:46,G-1-1,作業中
2026-02-02 23:34:46,G-1-2,作業中
2026-02-02 23:34:46,G-2,作業中
2026-02-02 23:34:46,G-3,現場確認中
2026-02-02 23:34:46,G-4,作業中
2026-02-02 23:34:46,G-5,作業中
2026-02-02 23:34:46,G-6-1,現場確認中
2026-02-02 23:34:46,G-6-2,現場確認中
2026-02-02 23:34:46,G-7,現場確認中
2026-02-02 23:34:46,G-8,作業中
2026-02-02 23:34:46,G-9,作業中
2026-02-02 23:34:46,G-10,作業中
2026-02-02 23:34:46,H-1-1,作業予定あり
2026-02-02 23:34:46,H-1-2,作業中
2026-02-02 23:34:46,H-2-1,作業予定あり
2026-02-02 23:34:46,H-2-2,作業中
2026-02-02 23:34:46,H-3,現場確認中
2026-02-02 23:34:46,H-4,作業中
2026-02-02 23:34:46,I-1,作業中
2026-02-02 23:34:46,I-2-1,現場確認中
2026-02-02 23:34:46,I-2-2,作業中
2026-02-02 23:34:46,I-2-3,現場確認中
2026-02-02 23:34:46,I-3-1A,作業中
2026-02-02 23:34:46,I-3-1B,作業中
2026-02-02 23:34:46,I-3-1C,作業中
2026-02-02 23:34:46,I-3-2,作業中
2026-02-02 23:34:46,J-1-1,現場確認中
2026-02-02 23:34:46,J-1-2,作業中
2026-02-02 23:34:46,J-2,作業中
2026-02-02 23:34:46,J-3,作業中
2026-02-02 23:34:46,J-4,作業中
2026-02-02 23:34:46,J-5-1,現場確認中
2026-02-02 23:34:46,J-5-2,作業中
2026-02-02 23:34:46,J-6,作業中
2026-02-02 23:34:46,J-7,作業中
2026-02-02 23:34:46,J-8,現場確認中
2026-02-02 23:34:46,J-9,作業中
2026-02-02 23:34:46,J-10,現場確認中
2026-02-02 23:34:46,J-11,作業中
2026-02-02 23:34:46,J-12,作業中
2026-02-02 23:34:46,J-13,作業予定あり
2026-02-02 23:34:46,J-14,作業中
2026-02-02 23:34:46,J-15,作業中
2026-02-02 23:34:46,J-16-1,作業中
2026-02-02 23:34:46,J-16-2,作業予定あり
2026-02-02 23:34:46,J-17,作業中
2026-02-02 23:34:46,J-18,作業中
2026-02-02 23:34:46,K-1,作業中
2026-02-02 23:34:46,K-2,作業中
2026-02-02 23:34:46,K-3,作業予定あり
2026-02-02 23:34:46,K-4,作業中
2026-02-02 23:34:46,L-1,作業中
2026-02-02 23:34:46,L-2,作業中
2026-02-02 23:34:46,L-3,現場確認中
2026-02-02 23:34:46,L-4,作業中
2026-02-02 23:34:46,L-5,作業予定あり
2026-02-02 23:34:46,L-6,作業中
2026-02-02 23:34:46,L-7,作業中
2026-02-02 23:34:46,L-8,現場確認中
2026-02-02 23:34:46,L-9,作業中
2026-02-02 23:34:46,細越工区,作業中
2026-02-02 23:34:46,問屋町工区,作業中
2026-02-02 23:34:46,松元台団地工区,現場確認中
2026-02-02 23:34:46,幸畑団地1工区,作業中
2026-02-02 23:34:46,幸畑団地2工区,作業中
2026-02-02 23:34:46,幸畑阿部野工区,作業中
2026-02-02 23:34:46,幸畑谷脇工区,作業中
2026-02-02 23:34:46,月見野工区,作業中
2026-02-02 23:34:46,戸山団地1工区,作業中
2026-02-02 23:34:46,戸山団地2工区,作業中
2026-02-02 23:34:46,戸山団地3工区,作業中
2026-02-02 23:34:46,戸山団地4工区,作業中
2026-02-02 23:34:46,野内工区,作業中
2026-02-02 23:34:46,久栗坂工区,作業中
2026-02-02 23:34:46,浅虫工区,作業中
2026-02-02 23:34:46,戸山工区,現場確認中
2026-02-02 23:34:46,桑原工区,作業中
2026-02-02 23:34:46,宮田工区,作業中
2026-02-02 23:34:46,諏訪沢工区,作業中
2026-02-02 23:34:46,後潟工区,作業中
2026-02-02 23:34:46,内真部工区,作業中
2026-02-02 23:34:46,奥内1工区,作業中
2026-02-02 23:34:46,奥内2工区,作業予定あり
2026-02-02 23:34:46,飛鳥工区,作業中
2026-02-02 23:34:46,白旗野工区,作業中
2026-02-02 23:34:46,鶴ｹ坂･孫内工区,作業中
2026-02-02 23:34:46,太陽台団地工区,現場確認中
2026-02-02 23:34:46,高田工区,現場確認中
2026-02-02 23:34:46,荒川･八ﾂ役1工区,作業中
2026-02-02 23:34:46,荒川･八ﾂ役2工区,作業中
2026-02-02 23:34:46,金浜･上野工区,作業中
2026-02-02 23:34:46,大別内工区,作業中
2026-02-02 23:34:46,野木工区,作業中
2026-02-02 23:34:46,合子沢工区,作業予定あり
2026-02-02 23:34:46,横内1工区,作業予定あり
2026-02-02 23:34:46,横内2工区,作業予定あり
2026-02-02 23:34:46,梨の木工区,現場確認中
2026-02-02 23:34:46,沢山工区,現場確認中
2026-02-02 23:34:46,三本木工区,現場確認中
2026-02-02 23:34:46,矢田工区,作業中
2026-02-02 23:34:46,下湯工区,現場確認中
2026-02-02 23:55:36,A-1,作業中
2026-02-02 23:55:36,A-2,作業中
2026-02-02 23:55:36,A-3,作業中
2026-02-02 23:55:36,A-4,現場確認中
2026-02-02 23:55:36,A-5,作業中
2026-02-02 23:55:36,A-6,作業中
2026-02-02 23:55:36,B-1,現場確認中
2026-02-02 23:55:36,B-2-1,作業中
2026-02-02 23:55:36,B-2-2,作業中
2026-02-02 23:55:36,B-3-1,作業中
2026-02-02 23:55:36,B-3-2,現場確認中
2026-02-02 23:55:36,B-4-1,作業中
2026-02-02 23:55:36,B-4-2,作業中
2026-02-02 23:55:36,B-5,現場確認中
2026-02-02 23:55:36,B-6,作業中
2026-02-02 23:55:36,B-7,現場確認中
2026-02-02 23:55:36,B-8,現場確認中
2026-02-02 23:55:36,B-9,作業中
2026-02-02 23:55:36,B-10-1,作業中
2026-02-02 23:55:36,B-10-2,作業中
2026-02-02 23:55:36,B-11-1,現場確認中
2026-02-02 23:55:36,B-11-2A,作業中
2026-02-02 23:55:36,B-11-2B,作業中
2026-02-02 23:55:36,B-12-1,現場確認中
2026-02-02 23:55:36,B-12-2,現場確認中
2026-02-02 23:55:36,B-13,現場確認中
2026-02-02 23:55:36,C-1-1,作業中
2026-02-02 23:55:36,C-1-2,作業中
2026-02-02 23:55:36,C-2-1,現場確認中
2026-02-02 23:55:36,C-2-2,現場確認中
2026-02-02 23:55:36,C-3-1,現場確認中
2026-02-02 23:55:36,C-3-2,作業中
2026-02-02 23:55:36,C-4-1,作業中
2026-02-02 23:55:36,C-4-2,作業中
2026-02-02 23:55:36,C-5,作業中
2026-02-02 23:55:36,C-6,作業中
2026-02-02 23:55:36,C-7,作業中
2026-02-02 23:55:36,C-8,作業中
2026-02-02 23:55:36,D-1-1,作業中
2026-02-02 23:55:36,D-1-2,作業中
2026-02-02 23:55:36,D-2,作業中
2026-02-02 23:55:36,D-3,作業中
2026-02-02 23:55:36,D-4,作業中
2026-02-02 23:55:36,D-5,作業中
2026-02-02 23:55:36,D-6-1,作業中
2026-02-02 23:55:36,D-6-2,作業中
2026-02-02 23:55:36,D-7,作業中
2026-02-02 23:55:36,D-8,作業中
2026-02-02 23:55:36,D-9,作業中
2026-02-02 23:55:36,D-10,作業中
2026-02-02 23:55:36,D-11,作業中
2026-02-02 23:55:36,D-12-1,作業中
2026-02-02 23:55:36,D-12-2,作業中
2026-02-02 23:55:36,D-13,作業中
2026-02-02 23:55:36,D-14,作業中
2026-02-02 23:55:36,D-15,作業中
2026-02-02 23:55:36,D-16,作業中
2026-02-02 23:55:36,D-17,現場確認中
2026-02-02 23:55:36,E-1-1,現場確認中
2026-02-02 23:55:36,E-1-2,現場確認中
2026-02-02 23:55:36,E-2,作業中
2026-02-02 23:55:36,E-3-1,作業中
2026-02-02 23:55:36,E-3-2,現場確認中
2026-02-02 23:55:36,E-3-3,作業中
2026-02-02 23:55:36,E-4-1,作業中
2026-02-02 23:55:36,E-4-2,作業中
2026-02-02 23:55:36,E-5,作業中
2026-02-02 23:55:36,E-6,作業中
2026-02-02 23:55:36,E-7-1,作業中
2026-02-02 23:55:36,E-7-2,作業中
2026-02-02 23:55:36,E-8,作業中
2026-02-02 23:55:36,E-9,作業中
2026-02-02 23:55:36,E-10-1,作業中
2026-02-02 23:55:36,E-10-2,作業中
2026-02-02 23:55:36,F-1,作業中
2026-02-02 23:55:36,F-2-1,現場確認中
2026-02-02 23:55:36,F-2-2A,作業中
2026-02-02 23:55:36,F-2-2B,現場確認中
2026-02-02 23:55:36,F-2-2C,現場確認中
2026-02-02 23:55:36,F-3,作業中
2026-02-02 23:55:36,F-4-1,作業中
2026-02-02 23:55:36,F-4-2,現場確認中
2026-02-02 23:55:36,F-5,現場確認中
2026-02-02 23:55:36,F-6-1,作業中
2026-02-02 23:55:36,F-6-2,作業予定あり
2026-02-02 23:55:36,F-7,作業中
2026-02-02 23:55:36,F-8-1,作業中
2026-02-02 23:55:36,F-8-2,作業中
2026-02-02 23:55:36,F-9,作業中
2026-02-02 23:55:36,F-10,現場確認中
2026-02-02 23:55:36,F-11,作業予定あり
2026-02-02 23:55:36,G-1-1,作業中
2026-02-02 23:55:36,G-1-2,作業中
2026-02-02 23:55:36,G-2,作業中
2026-02-02 23:55:36,G-3,現場確認中
2026-02-02 23:55:36,G-4,作業中
2026-02-02 23:55:36,G-5,作業中
2026-02-02 23:55:36,G-6-1,現場確認中
2026-02-02 23:55:36,G-6-2,現場確認中
2026-02-02 23:55:36,G-7,現場確認中
2026-02-02 23:55:36,G-8,作業中
2026-02-02 23:55:36,G-9,作業中
2026-02-02 23:55:36,G-10,作業中
2026-02-02 23:55:36,H-1-1,作業予定あり
2026-02-02 23:55:36,H-1-2,作業中
2026-02-02 23:55:36,H-2-1,作業予定あり
2026-02-02 23:55:36,H-2-2,作業中
2026-02-02 23:55:36,H-3,現場確認中
2026-02-02 23:55:36,H-4,作業中
2026-02-02 23:55:36,I-1,作業中
2026-02-02 23:55:36,I-2-1,現場確認中
2026-02-02 23:55:36,I-2-2,作業中
2026-02-02 23:55:36,I-2-3,現場確認中
2026-02-02 23:55:36,I-3-1A,作業中
2026-02-02 23:55:36,I-3-1B,作業中
2026-02-02 23:55:36,I-3-1C,作業中
2026-02-02 23:55:36,I-3-2,作業中
2026-02-02 23:55:36,J-1-1,現場確認中
2026-02-02 23:55:36,J-1-2,作業中
2026-02-02 23:55:36,J-2,作業中
2026-02-02 23:55:36,J-3,作業中
2026-02-02 23:55:36,J-4,作業中
2026-02-02 23:55:36,J-5-1,現場確認中
2026-02-02 23:55:36,J-5-2,作業中
2026-02-02 23:55:36,J-6,作業中
2026-02-02 23:55:36,J-7,作業中
2026-02-02 23:55:36,J-8,現場確認中
2026-02-02 23:55:36,J-9,作業中
2026-02-02 23:55:36,J-10,現場確認中
2026-02-02 23:55:36,J-11,作業中
2026-02-02 23:55:36,J-12,作業中
2026-02-02 23:55:36,J-13,作業予定あり
2026-02-02 23:55:36,J-14,作業中
2026-02-02 23:55:36,J-15,作業中
2026-02-02 23:55:36,J-16-1,作業中
2026-02-02 23:55:36,J-16-2,作業予定あり
2026-02-02 23:55:36,J-17,作業中
2026-02-02 23:55:36,J-18,作業中
2026-02-02 23:55:36,K-1,作業中
2026-02-02 23:55:36,K-2,作業中
2026-02-02 23:55:36,K-3,作業予定あり
2026-02-02 23:55:36,K-4,作業中
2026-02-02 23:55:36,L-1,作業中
2026-02-02 23:55:36,L-2,作業中
2026-02-02 23:55:36,L-3,現場確認中
2026-02-02 23:55:36,L-4,作業中
2026-02-02 23:55:36,L-5,作業予定あり
2026-02-02 23:55:36,L-6,作業中
2026-02-02 23:55:36,L-7,作業中
2026-02-02 23:55:36,L-8,現場確認中
2026-02-02 23:55:36,L-9,作業中
2026-02-02 23:55:36,細越工区,作業中
2026-02-02 23:55:36,問屋町工区,作業中
2026-02-02 23:55:36,松元台団地工区,現場確認中
2026-02-02 23:55:36,幸畑団地1工区,作業中
2026-02-02 23:55:36,幸畑団地2工区,作業中
2026-02-02 23:55:36,幸畑阿部野工区,作業中
2026-02-02 23:55:36,幸畑谷脇工区,作業中
2026-02-02 23:55:36,月見野工区,作業中
2026-02-02 23:55:36,戸山団地1工区,作業中
2026-02-02 23:55:36,戸山団地2工区,作業中
2026-02-02 23:55:36,戸山団地3工区,作業中
2026-02-02 23:55:36,戸山団地4工区,作業中
2026-02-02 23:55:36,野内工区,作業中
2026-02-02 23:55:36,久栗坂工区,作業中
2026-02-02 23:55:36,浅虫工区,作業中
2026-02-02 23:55:36,戸山工区,現場確認中
2026-02-02 23:55:36,桑原工区,作業中
2026-02-02 23:55:36,宮田工区,作業中
2026-02-02 23:55:36,諏訪沢工区,作業中
2026-02-02 23:55:36,後潟工区,作業中
2026-02-02 23:55:36,内真部工区,作業中
2026-02-02 23:55:36,奥内1工区,作業中
2026-02-02 23:55:36,奥内2工区,作業予定あり
2026-02-02 23:55:36,飛鳥工区,作業中
2026-02-02 23:55:36,白旗野工区,作業中
2026-02-02 23:55:36,鶴ｹ坂･孫内工区,作業中
2026-02-02 23:55:36,太陽台団地工区,現場確認中
2026-02-02 23:55:36,高田工区,現場確認中
2026-02-02 23:55:36,荒川･八ﾂ役1工区,作業中
2026-02-02 23:55:36,荒川･八ﾂ役2工区,作業中
2026-02-02 23:55:36,金浜･上野工区,作業中
2026-02-02 23:55:36,大別内工区,作業中
2026-02-02 23:55:36,野木工区,作業中
2026-02-02 23:55:36,合子沢工区,作業予定あり
2026-02-02 23:55:36,横内1工区,作業予定あり
2026-02-02 23:55:36,横内2工区,作業予定あり
2026-02-02 23:55:36,梨の木工区,現場確認中
2026-02-02 23:55:36,沢山工区,現場確認中
2026-02-02 23:55:36,三本木工区,現場確認中
2026-02-02 23:55:36,矢田工区,作業中
2026-02-02 23:55:36,下湯工区,現場確認中
2026-02-02 23:55:50,A-1,作業中
2026-02-02 23:55:50,A-2,作業中
2026-02-02 23:55:50,A-3,作業中
2026-02-02 23:55:50,A-4,現場確認中
2026-02-02 23:55:50,A-5,作業中
2026-02-02 23:55:50,A-6,作業中
2026-02-02 23:55:50,B-1,現場確認中
2026-02-02 23:55:50,B-2-1,作業中
2026-02-02 23:55:50,B-2-2,作業中
2026-02-02 23:55:50,B-3-1,作業中
2026-02-02 23:55:50,B-3-2,現場確認中
2026-02-02 23:55:50,B-4-1,作業中
2026-02-02 23:55:50,B-4-2,作業中
2026-02-02 23:55:50,B-5,現場確認中
2026-02-02 23:55:50,B-6,作業中
2026-02-02 23:55:50,B-7,現場確認中
2026-02-02 23:55:50,B-8,現場確認中
2026-02-02 23:55:50,B-9,作業中
2026-02-02 23:55:50,B-10-1,作業中
2026-02-02 23:55:50,B-10-2,作業中
2026-02-02 23:55:50,B-11-1,現場確認中
2026-02-02 23:55:50,B-11-2A,作業中
2026-02-02 23:55:50,B-11-2B,作業中
2026-02-02 23:55:50,B-12-1,現場確認中
2026-02-02 23:55:50,B-12-2,現場確認中
2026-02-02 23:55:50,B-13,現場確認中
2026-02-02 23:55:50,C-1-1,作業中
2026-02-02 23:55:50,C-1-2,作業中
2026-02-02 23:55:50,C-2-1,現場確認中
2026-02-02 23:55:50,C-2-2,現場確認中
2026-02-02 23:55:50,C-3-1,現場確認中
2026-02-02 23:55:50,C-3-2,作業中
2026-02-02 23:55:50,C-4-1,作業中
2026-02-02 23:55:50,C-4-2,作業中
2026-02-02 23:55:50,C-5,作業中
2026-02-02 23:55:50,C-6,作業中
2026-02-02 23:55:50,C-7,作業中
2026-02-02 23:55:50,C-8,作業中
2026-02-02 23:55:50,D-1-1,作業中
2026-02-02 23:55:50,D-1-2,作業中
2026-02-02 23:55:50,D-2,作業中
2026-02-02 23:55:50,D-3,作業中
2026-02-02 23:55:50,D-4,作業中
2026-02-02 23:55:50,D-5,作業中
2026-02-02 23:55:50,D-6-1,作業中
2026-02-02 23:55:50,D-6-2,作業中
2026-02-02 23:55:50,D-7,作業中
2026-02-02 23:55:50,D-8,作業中
2026-02-02 23:55:50,D-9,作業中
2026-02-02 23:55:50,D-10,作業中
2026-02-02 23:55:50,D-11,作業中
2026-02-02 23:55:50,D-12-1,作業中
2026-02-02 23:55:50,D-12-2,作業中
2026-02-02 23:55:50,D-13,作業中
2026-02-02 23:55:50,D-14,作業中
2026-02-02 23:55:50,D-15,作業中
2026-02-02 23:55:50,D-16,作業中
2026-02-02 23:55:50,D-17,現場確認中
2026-02-02 23:55:50,E-1-1,現場確認中
2026-02-02 23:55:50,E-1-2,現場確認中
2026-02-02 23:55:50,E-2,作業中
2026-02-02 23:55:50,E-3-1,作業中
2026-02-02 23:55:50,E-3-2,現場確認中
2026-02-02 23:55:50,E-3-3,作業中
2026-02-02 23:55:50,E-4-1,作業中
2026-02-02 23:55:50,E-4-2,作業中
2026-02-02 23:55:50,E-5,作業中
2026-02-02 23:55:50,E-6,作業中
2026-02-02 23:55:50,E-7-1,作業中
2026-02-02 23:55:50,E-7-2,作業中
2026-02-02 23:55:50,E-8,作業中
2026-02-02 23:55:50,E-9,作業中
2026-02-02 23:55:50,E-10-1,作業中
2026-02-02 23:55:50,E-10-2,作業中
2026-02-02 23:55:50,F-1,作業中
2026-02-02 23:55:50,F-2-1,現場確認中
2026-02-02 23:55:50,F-2-2A,作業中
2026-02-02 23:55:50,F-2-2B,現場確認中
2026-02-02 23:55:50,F-2-2C,現場確認中
2026-02-02 23:55:50,F-3,作業中
2026-02-02 23:55:50,F-4-1,作業中
2026-02-02 23:55:50,F-4-2,現場確認中
2026-02-02 23:55:50,F-5,現場確認中
2026-02-02 23:55:50,F-6-1,作業中
2026-02-02 23:55:50,F-6-2,作業予定あり
2026-02-02 23:55:50,F-7,作業中
2026-02-02 23:55:50,F-8-1,作業中
2026-02-02 23:55:50,F-8-2,作業中
2026-02-02 23:55:50,F-9,作業中
2026-02-02 23:55:50,F-10,現場確認中
2026-02-02 23:55:50,F-11,作業予定あり
2026-02-02 23:55:50,G-1-1,作業中
2026-02-02 23:55:50,G-1-2,作業中
2026-02-02 23:55:50,G-2,作業中
2026-02-02 23:55:50,G-3,現場確認中
2026-02-02 23:55:50,G-4,作業中
2026-02-02 23:55:50,G-5,作業中
2026-02-02 23:55:50,G-6-1,現場確認中
2026-02-02 23:55:50,G-6-2,現場確認中
2026-02-02 23:55:50,G-7,現場確認中
2026-02-02 23:55:50,G-8,作業中
2026-02-02 23:55:50,G-9,作業中
2026-02-02 23:55:50,G-10,作業中
2026-02-02 23:55:50,H-1-1,作業予定あり
2026-02-02 23:55:50,H-1-2,作業中
2026-02-02 23:55:50,H-2-1,作業予定あり
2026-02-02 23:55:50,H-2-2,作業中
2026-02-02 23:55:50,H-3,現場確認中
2026-02-02 23:55:50,H-4,作業中
2026-02-02 23:55:50,I-1,作業中
2026-02-02 23:55:50,I-2-1,現場確認中
2026-02-02 23:55:50,I-2-2,作業中
2026-02-02 23:55:50,I-2-3,現場確認中
2026-02-02 23:55:50,I-3-1A,作業中
2026-02-02 23:55:50,I-3-1B,作業中
2026-02-02 23:55:50,I-3-1C,作業中
2026-02-02 23:55:50,I-3-2,作業中
2026-02-02 23:55:50,J-1-1,現場確認中
2026-02-02 23:55:50,J-1-2,作業中
2026-02-02 23:55:50,J-2,作業中
2026-02-02 23:55:50,J-3,作業中
2026-02-02 23:55:50,J-4,作業中
2026-02-02 23:55:50,J-5-1,現場確認中
2026-02-02 23:55:50,J-5-2,作業中
2026-02-02 23:55:50,J-6,作業中
2026-02-02 23:55:50,J-7,作業中
2026-02-02 23:55:50,J-8,現場確認中
2026-02-02 23:55:50,J-9,作業中
2026-02-02 23:55:50,J-10,現場確認中
2026-02-02 23:55:50,J-11,作業中
2026-02-02 23:55:50,J-12,作業中
2026-02-02 23:55:50,J-13,作業予定あり
2026-02-02 23:55:50,J-14,作業中
2026-02-02 23:55:50,J-15,作業中
2026-02-02 23:55:50,J-16-1,作業中
2026-02-02 23:55:50,J-16-2,作業予定あり
2026-02-02 23:55:50,J-17,作業中
2026-02-02 23:55:50,J-18,作業中
2026-02-02 23:55:50,K-1,作業中
2026-02-02 23:55:50,K-2,作業中
2026-02-02 23:55:50,K-3,作業予定あり
2026-02-02 23:55:50,K-4,作業中
2026-02-02 23:55:50,L-1,作業中
2026-02-02 23:55:50,L-2,作業中
2026-02-02 23:55:50,L-3,現場確認中
2026-02-02 23:55:50,L-4,作業中
2026-02-02 23:55:50,L-5,作業予定あり
2026-02-02 23:55:50,L-6,作業中
2026-02-02 23:55:50,L-7,作業中
2026-02-02 23:55:50,L-8,現場確認中
2026-02-02 23:55:50,L-9,作業中
2026-02-02 23:55:50,細越工区,作業中
2026-02-02 23:55:50,問屋町工区,作業中
2026-02-02 23:55:50,松元台団地工区,現場確認中
2026-02-02 23:55:50,幸畑団地1工区,作業中
2026-02-02 23:55:50,幸畑団地2工区,作業中
2026-02-02 23:55:50,幸畑阿部野工区,作業中
2026-02-02 23:55:50,幸畑谷脇工区,作業中
2026-02-02 23:55:50,月見野工区,作業中
2026-02-02 23:55:50,戸山団地1工区,作業中
2026-02-02 23:55:50,戸山団地2工区,作業中
2026-02-02 23:55:50,戸山団地3工区,作業中
2026-02-02 23:55:50,戸山団地4工区,作業中
2026-02-02 23:55:50,野内工区,作業中
2026-02-02 23:55:50,久栗坂工区,作業中
2026-02-02 23:55:50,浅虫工区,作業中
2026-02-02 23:55:50,戸山工区,現場確認中
2026-02-02 23:55:50,桑原工区,作業中
2026-02-02 23:55:50,宮田工区,作業中
2026-02-02 23:55:50,諏訪沢工区,作業中
2026-02-02 23:55:50,後潟工区,作業中
2026-02-02 23:55:50,内真部工区,作業中
2026-02-02 23:55:50,奥内1工区,作業中
2026-02-02 23:55:50,奥内2工区,作業予定あり
2026-02-02 23:55:50,飛鳥工区,作業中
2026-02-02 23:55:50,白旗野工区,作業中
2026-02-02 23:55:50,鶴ｹ坂･孫内工区,作業中
2026-02-02 23:55:50,太陽台団地工区,現場確認中
2026-02-02 23:55:50,高田工区,現場確認中
2026-02-02 23:55:50,荒川･八ﾂ役1工区,作業中
2026-02-02 23:55:50,荒川･八ﾂ役2工区,作業中
2026-02-02 23:55:50,金浜･上野工区,作業中
2026-02-02 23:55:50,大別内工区,作業中
2026-02-02 23:55:50,野木工区,作業中
2026-02-02 23:55:50,合子沢工区,作業予定あり
2026-02-02 23:55:50,横内1工区,作業予定あり
2026-02-02 23:55:50,横内2工区,作業予定あり
2026-02-02 23:55:50,梨の木工区,現場確認中
2026-02-02 23:55:50,沢山工区,現場確認中
2026-02-02 23:55:50,三本木工区,現場確認中
2026-02-02 23:55:50,矢田工区,作業中
2026-02-02 23:55:50,下湯工区,現場確認中
2026-02-03 00:41:23,A-1,作業中
2026-02-03 00:41:23,A-2,作業中
2026-02-03 00:41:23,A-3,作業中
2026-02-03 00:41:23,A-4,現場確認中
2026-02-03 00:41:23,A-5,作業中
2026-02-03 00:41:23,A-6,作業中
2026-02-03 00:41:23,B-1,現場確認中
2026-02-03 00:41:23,B-2-1,作業中
2026-02-03 00:41:23,B-2-2,作業中
2026-02-03 00:41:23,B-3-1,作業中
2026-02-03 00:41:23,B-3-2,現場確認中
2026-02-03 00:41:23,B-4-1,作業中
2026-02-03 00:41:23,B-4-2,作業中
2026-02-03 00:41:23,B-5,現場確認中
2026-02-03 00:41:23,B-6,作業中
2026-02-03 00:41:23,B-7,現場確認中
2026-02-03 00:41:23,B-8,現場確認中
2026-02-03 00:41:23,B-9,作業中
2026-02-03 00:41:23,B-10-1,作業中
2026-02-03 00:41:23,B-10-2,作業中
2026-02-03 00:41:23,B-11-1,現場確認中
2026-02-03 00:41:23,B-11-2A,作業中
2026-02-03 00:41:23,B-11-2B,作業中
2026-02-03 00:41:23,B-12-1,現場確認中
2026-02-03 00:41:23,B-12-2,現場確認中
2026-02-03 00:41:23,B-13,現場確認中
2026-02-03 00:41:23,C-1-1,作業中
2026-02-03 00:41:23,C-1-2,作業中
2026-02-03 00:41:23,C-2-1,現場確認中
2026-02-03 00:41:23,C-2-2,現場確認中
2026-02-03 00:41:23,C-3-1,現場確認中
2026-02-03 00:41:23,C-3-2,作業中
2026-02-03 00:41:23,C-4-1,作業中
2026-02-03 00:41:23,C-4-2,作業中
2026-02-03 00:41:23,C-5,作業中
2026-02-03 00:41:23,C-6,作業中
2026-02-03 00:41:23,C-7,作業中
2026-02-03 00:41:23,C-8,作業中
2026-02-03 00:41:23,D-1-1,作業中
2026-02-03 00:41:23,D-1-2,作業中
2026-02-03 00:41:23,D-2,作業中
2026-02-03 00:41:23,D-3,作業中
2026-02-03 00:41:23,D-4,作業中
2026-02-03 00:41:23,D-5,作業中
2026-02-03 00:41:23,D-6-1,作業中
2026-02-03 00:41:23,D-6-2,作業中
2026-02-03 00:41:23,D-7,作業中
2026-02-03 00:41:23,D-8,作業中
2026-02-03 00:41:23,D-9,作業中
2026-02-03 00:41:23,D-10,作業中
2026-02-03 00:41:23,D-11,作業中
2026-02-03 00:41:23,D-12-1,作業中
2026-02-03 00:41:23,D-12-2,作業中
2026-02-03 00:41:23,D-13,作業中
2026-02-03 00:41:23,D-14,作業中
2026-02-03 00:41:23,D-15,作業中
2026-02-03 00:41:23,D-16,作業中
2026-02-03 00:41:23,D-17,現場確認中
2026-02-03 00:41:23,E-1-1,現場確認中
2026-02-03 00:41:23,E-1-2,現場確認中
2026-02-03 00:41:23,E-2,作業中
2026-02-03 00:41:23,E-3-1,作業中
2026-02-03 00:41:23,E-3-2,現場確認中
2026-02-03 00:41:23,E-3-3,作業中
2026-02-03 00:41:23,E-4-1,作業中
2026-02-03 00:41:23,E-4-2,作業中
2026-02-03 00:41:23,E-5,作業中
2026-02-03 00:41:23,E-6,作業中
2026-02-03 00:41:23,E-7-1,作業中
2026-02-03 00:41:23,E-7-2,作業中
2026-02-03 00:41:23,E-8,作業中
2026-02-03 00:41:23,E-9,作業中
2026-02-03 00:41:23,E-10-1,作業中
2026-02-03 00:41:23,E-10-2,作業中
2026-02-03 00:41:23,F-1,作業中
2026-02-03 00:41:23,F-2-1,現場確認中
2026-02-03 00:41:23,F-2-2A,作業中
2026-02-03 00:41:23,F-2-2B,現場確認中
2026-02-03 00:41:23,F-2-2C,現場確認中
2026-02-03 00:41:23,F-3,作業中
2026-02-03 00:41:23,F-4-1,作業中
2026-02-03 00:41:23,F-4-2,現場確認中
2026-02-03 00:41:23,F-5,現場確認中
2026-02-03 00:41:23,F-6-1,作業中
2026-02-03 00:41:23,F-6-2,作業予定あり
2026-02-03 00:41:23,F-7,作業中
2026-02-03 00:41:23,F-8-1,作業中
2026-02-03 00:41:23,F-8-2,作業中
2026-02-03 00:41:23,F-9,作業中
2026-02-03 00:41:23,F-10,現場確認中
2026-02-03 00:41:23,F-11,作業予定あり
2026-02-03 00:41:23,G-1-1,作業中
2026-02-03 00:41:23,G-1-2,作業中
2026-02-03 00:41:23,G-2,作業中
2026-02-03 00:41:23,G-3,現場確認中
2026-02-03 00:41:23,G-4,作業中
2026-02-03 00:41:23,G-5,作業中
2026-02-03 00:41:23,G-6-1,現場確認中
2026-02-03 00:41:23,G-6-2,現場確認中
2026-02-03 00:41:23,G-7,現場確認中
2026-02-03 00:41:23,G-8,作業中
2026-02-03 00:41:23,G-9,作業中
2026-02-03 00:41:23,G-10,作業中
2026-02-03 00:41:23,H-1-1,作業予定あり
2026-02-03 00:41:23,H-1-2,作業中
2026-02-03 00:41:23,H-2-1,作業予定あり
2026-02-03 00:41:23,H-2-2,作業中
2026-02-03 00:41:23,H-3,現場確認中
2026-02-03 00:41:23,H-4,作業中
2026-02-03 00:41:23,I-1,作業中
2026-02-03 00:41:23,I-2-1,現場確認中
2026-02-03 00:41:23,I-2-2,作業中
2026-02-03 00:41:23,I-2-3,現場確認中
2026-02-03 00:41:23,I-3-1A,作業中
2026-02-03 00:41:23,I-3-1B,作業中
2026-02-03 00:41:23,I-3-1C,作業中
2026-02-03 00:41:23,I-3-2,作業中
2026-02-03 00:41:23,J-1-1,現場確認中
2026-02-03 00:41:23,J-1-2,作業中
2026-02-03 00:41:23,J-2,作業中
2026-02-03 00:41:23,J-3,作業中
2026-02-03 00:41:23,J-4,作業中
2026-02-03 00:41:23,J-5-1,現場確認中
2026-02-03 00:41:23,J-5-2,作業中
2026-02-03 00:41:23,J-6,作業中
2026-02-03 00:41:23,J-7,作業中
2026-02-03 00:41:23,J-8,現場確認中
2026-02-03 00:41:23,J-9,作業中
2026-02-03 00:41:23,J-10,現場確認中
2026-02-03 00:41:23,J-11,作業中
2026-02-03 00:41:23,J-12,作業中
2026-02-03 00:41:23,J-13,作業予定あり
2026-02-03 00:41:23,J-14,作業中
2026-02-03 00:41:23,J-15,作業中
2026-02-03 00:41:23,J-16-1,作業中
2026-02-03 00:41:23,J-16-2,作業予定あり
2026-02-03 00:41:23,J-17,作業中
2026-02-03 00:41:23,J-18,作業中
2026-02-03 00:41:23,K-1,作業中
2026-02-03 00:41:23,K-2,作業中
2026-02-03 00:41:23,K-3,作業予定あり
2026-02-03 00:41:23,K-4,作業中
2026-02-03 00:41:23,L-1,作業中
2026-02-03 00:41:23,L-2,作業中
2026-02-03 00:41:23,L-3,現場確認中
2026-02-03 00:41:23,L-4,作業中
2026-02-03 00:41:23,L-5,作業予定あり
2026-02-03 00:41:23,L-6,作業中
2026-02-03 00:41:23,L-7,作業中
2026-02-03 00:41:23,L-8,現場確認中
2026-02-03 00:41:23,L-9,作業中
2026-02-03 00:41:23,細越工区,作業中
2026-02-03 00:41:23,問屋町工区,作業中
2026-02-03 00:41:23,松元台団地工区,現場確認中
2026-02-03 00:41:23,幸畑団地1工区,作業中
2026-02-03 00:41:23,幸畑団地2工区,作業中
2026-02-03 00:41:23,幸畑阿部野工区,作業中
2026-02-03 00:41:23,幸畑谷脇工区,作業中
2026-02-03 00:41:23,月見野工区,作業中
2026-02-03 00:41:23,戸山団地1工区,作業中
2026-02-03 00:41:23,戸山団地2工区,作業中
2026-02-03 00:41:23,戸山団地3工区,作業中
2026-02-03 00:41:23,戸山団地4工区,作業中
2026-02-03 00:41:23,野内工区,作業中
2026-02-03 00:41:23,久栗坂工区,作業中
2026-02-03 00:41:23,浅虫工区,作業中
2026-02-03 00:41:23,戸山工区,現場確認中
2026-02-03 00:41:23,桑原工区,作業中
2026-02-03 00:41:23,宮田工区,作業中
2026-02-03 00:41:23,諏訪沢工区,作業中
2026-02-03 00:41:23,後潟工区,作業中
2026-02-03 00:41:23,内真部工区,作業中
2026-02-03 00:41:23,奥内1工区,作業中
2026-02-03 00:41:23,奥内2工区,作業予定あり
2026-02-03 00:41:23,飛鳥工区,作業中
2026-02-03 00:41:23,白旗野工区,作業中
2026-02-03 00:41:23,鶴ｹ坂･孫内工区,作業中
2026-02-03 00:41:23,太陽台団地工区,現場確認中
2026-02-03 00:41:23,高田工区,現場確認中
2026-02-03 00:41:23,荒川･八ﾂ役1工区,作業中
2026-02-03 00:41:23,荒川･八ﾂ役2工区,作業中
2026-02-03 00:41:23,金浜･上野工区,作業中
2026-02-03 00:41:23,大別内工区,作業中
2026-02-03 00:41:23,野木工区,作業中
2026-02-03 00:41:23,合子沢工区,作業予定あり
2026-02-03 00:41:23,横内1工区,作業予定あり
2026-02-03 00:41:23,横内2工区,作業予定あり
2026-02-03 00:41:23,梨の木工区,現場確認中
2026-02-03 00:41:23,沢山工区,現場確認中
2026-02-03 00:41:23,三本木工区,現場確認中
2026-02-03 00:41:23,矢田工区,作業中
2026-02-03 00:41:23,下湯工区,現場確認中
2026-02-03 01:49:24,A-1,作業中
2026-02-03 01:49:24,A-2,作業中
2026-02-03 01:49:24,A-3,作業中
2026-02-03 01:49:24,A-4,現場確認中
2026-02-03 01:49:24,A-5,作業中
2026-02-03 01:49:24,A-6,作業中
2026-02-03 01:49:24,B-1,現場確認中
2026-02-03 01:49:24,B-2-1,作業中
2026-02-03 01:49:24,B-2-2,作業中
2026-02-03 01:49:24,B-3-1,作業中
2026-02-03 01:49:24,B-3-2,現場確認中
2026-02-03 01:49:24,B-4-1,作業中
2026-02-03 01:49:24,B-4-2,作業中
2026-02-03 01:49:24,B-5,現場確認中
2026-02-03 01:49:24,B-6,作業中
2026-02-03 01:49:24,B-7,現場確認中
2026-02-03 01:49:24,B-8,現場確認中
2026-02-03 01:49:24,B-9,作業中
2026-02-03 01:49:24,B-10-1,作業中
2026-02-03 01:49:24,B-10-2,作業中
2026-02-03 01:49:24,B-11-1,現場確認中
2026-02-03 01:49:24,B-11-2A,作業中
2026-02-03 01:49:24,B-11-2B,作業中
2026-02-03 01:49:24,B-12-1,現場確認中
2026-02-03 01:49:24,B-12-2,現場確認中
2026-02-03 01:49:24,B-13,現場確認中
2026-02-03 01:49:24,C-1-1,作業中
2026-02-03 01:49:24,C-1-2,作業中
2026-02-03 01:49:24,C-2-1,現場確認中
2026-02-03 01:49:24,C-2-2,現場確認中
2026-02-03 01:49:24,C-3-1,現場確認中
2026-02-03 01:49:24,C-3-2,作業中
2026-02-03 01:49:24,C-4-1,作業中
2026-02-03 01:49:24,C-4-2,作業中
2026-02-03 01:49:24,C-5,作業中
2026-02-03 01:49:24,C-6,作業中
2026-02-03 01:49:24,C-7,作業中
2026-02-03 01:49:24,C-8,作業中
2026-02-03 01:49:24,D-1-1,作業中
2026-02-03 01:49:24,D-1-2,作業中
2026-02-03 01:49:24,D-2,作業中
2026-02-03 01:49:24,D-3,作業中
2026-02-03 01:49:24,D-4,作業中
2026-02-03 01:49:24,D-5,作業中
2026-02-03 01:49:24,D-6-1,作業中
2026-02-03 01:49:24,D-6-2,作業中
2026-02-03 01:49:24,D-7,作業中
2026-02-03 01:49:24,D-8,作業中
2026-02-03 01:49:24,D-9,作業中
2026-02-03 01:49:24,D-10,作業中
2026-02-03 01:49:24,D-11,作業中
2026-02-03 01:49:24,D-12-1,作業中
2026-02-03 01:49:24,D-12-2,作業中
2026-02-03 01:49:24,D-13,作業中
2026-02-03 01:49:24,D-14,作業中
2026-02-03 01:49:24,D-15,作業中
2026-02-03 01:49:24,D-16,作業中
2026-02-03 01:49:24,D-17,現場確認中
2026-02-03 01:49:24,E-1-1,現場確認中
2026-02-03 01:49:24,E-1-2,現場確認中
2026-02-03 01:49:24,E-2,作業中
2026-02-03 01:49:24,E-3-1,作業中
2026-02-03 01:49:24,E-3-2,現場確認中
2026-02-03 01:49:24,E-3-3,作業中
2026-02-03 01:49:24,E-4-1,作業中
2026-02-03 01:49:24,E-4-2,作業中
2026-02-03 01:49:24,E-5,作業中
2026-02-03 01:49:24,E-6,作業中
2026-02-03 01:49:24,E-7-1,作業中
2026-02-03 01:49:24,E-7-2,作業中
2026-02-03 01:49:24,E-8,作業中
2026-02-03 01:49:24,E-9,作業中
2026-02-03 01:49:24,E-10-1,作業中
2026-02-03 01:49:24,E-10-2,作業中
2026-02-03 01:49:24,F-1,作業中
2026-02-03 01:49:24,F-2-1,現場確認中
2026-02-03 01:49:24,F-2-2A,作業中
2026-02-03 01:49:24,F-2-2B,現場確認中
2026-02-03 01:49:24,F-2-2C,現場確認中
2026-02-03 01:49:24,F-3,作業中
2026-02-03 01:49:24,F-4-1,作業中
2026-02-03 01:49:24,F-4-2,現場確認中
2026-02-03 01:49:24,F-5,現場確認中
2026-02-03 01:49:24,F-6-1,作業中
2026-02-03 01:49:24,F-6-2,作業予定あり
2026-02-03 01:49:24,F-7,作業中
2026-02-03 01:49:24,F-8-1,作業中
2026-02-03 01:49:24,F-8-2,作業中
2026-02-03 01:49:24,F-9,作業中
2026-02-03 01:49:24,F-10,現場確認中
2026-02-03 01:49:24,F-11,作業予定あり
2026-02-03 01:49:24,G-1-1,作業中
2026-02-03 01:49:24,G-1-2,作業中
2026-02-03 01:49:24,G-2,作業中
2026-02-03 01:49:24,G-3,現場確認中
2026-02-03 01:49:24,G-4,作業中
2026-02-03 01:49:24,G-5,作業中
2026-02-03 01:49:24,G-6-1,現場確認中
2026-02-03 01:49:24,G-6-2,現場確認中
2026-02-03 01:49:24,G-7,現場確認中
2026-02-03 01:49:24,G-8,作業中
2026-02-03 01:49:24,G-9,作業中
2026-02-03 01:49:24,G-10,作業中
2026-02-03 01:49:24,H-1-1,作業予定あり
2026-02-03 01:49:24,H-1-2,作業中
2026-02-03 01:49:24,H-2-1,作業予定あり
2026-02-03 01:49:24,H-2-2,作業中
2026-02-03 01:49:24,H-3,現場確認中
2026-02-03 01:49:24,H-4,作業中
2026-02-03 01:49:24,I-1,作業中
2026-02-03 01:49:24,I-2-1,現場確認中
2026-02-03 01:49:24,I-2-2,作業中
2026-02-03 01:49:24,I-2-3,現場確認中
2026-02-03 01:49:24,I-3-1A,作業中
2026-02-03 01:49:24,I-3-1B,作業中
2026-02-03 01:49:24,I-3-1C,作業中
2026-02-03 01:49:24,I-3-2,作業中
2026-02-03 01:49:24,J-1-1,現場確認中
2026-02-03 01:49:24,J-1-2,作業中
2026-02-03 01:49:24,J-2,作業中
2026-02-03 01:49:24,J-3,作業中
2026-02-03 01:49:24,J-4,作業中
2026-02-03 01:49:24,J-5-1,現場確認中
2026-02-03 01:49:24,J-5-2,作業中
2026-02-03 01:49:24,J-6,作業中
2026-02-03 01:49:24,J-7,作業中
2026-02-03 01:49:24,J-8,現場確認中
2026-02-03 01:49:24,J-9,作業中
2026-02-03 01:49:24,J-10,現場確認中
2026-02-03 01:49:24,J-11,作業中
2026-02-03 01:49:24,J-12,作業中
2026-02-03 01:49:24,J-13,作業予定あり
2026-02-03 01:49:24,J-14,作業中
2026-02-03 01:49:24,J-15,作業中
2026-02-03 01:49:24,J-16-1,作業中
2026-02-03 01:49:24,J-16-2,作業予定あり
2026-02-03 01:49:24,J-17,作業中
2026-02-03 01:49:24,J-18,作業中
2026-02-03 01:49:24,K-1,作業中
2026-02-03 01:49:24,K-2,作業中
2026-02-03 01:49:24,K-3,作業予定あり
2026-02-03 01:49:24,K-4,作業中
2026-02-03 01:49:24,L-1,作業中
2026-02-03 01:49:24,L-2,作業中
2026-02-03 01:49:24,L-3,現場確認中
2026-02-03 01:49:24,L-4,作業中
2026-02-03 01:49:24,L-5,作業予定あり
2026-02-03 01:49:24,L-6,作業中
2026-02-03 01:49:24,L-7,作業中
2026-02-03 01:49:24,L-8,現場確認中
2026-02-03 01:49:24,L-9,作業中
2026-02-03 01:49:24,細越工区,作業中
2026-02-03 01:49:24,問屋町工区,作業中
2026-02-03 01:49:24,松元台団地工区,現場確認中
2026-02-03 01:49:24,幸畑団地1工区,作業中
2026-02-03 01:49:24,幸畑団地2工区,作業中
2026-02-03 01:49:24,幸畑阿部野工区,作業中
2026-02-03 01:49:24,幸畑谷脇工区,作業中
2026-02-03 01:49:24,月見野工区,作業中
2026-02-03 01:49:24,戸山団地1工区,作業中
2026-02-03 01:49:24,戸山団地2工区,作業中
2026-02-03 01:49:24,戸山団地3工区,作業中
2026-02-03 01:49:24,戸山団地4工区,作業中
2026-02-03 01:49:24,野内工区,作業中
2026-02-03 01:49:24,久栗坂工区,作業中
2026-02-03 01:49:24,浅虫工区,作業中
2026-02-03 01:49:24,戸山工区,現場確認中
2026-02-03 01:49:24,桑原工区,作業中
2026-02-03 01:49:24,宮田工区,作業中
2026-02-03 01:49:24,諏訪沢工区,作業中
2026-02-03 01:49:24,後潟工区,作業中
2026-02-03 01:49:24,内真部工区,作業中
2026-02-03 01:49:24,奥内1工区,作業中
2026-02-03 01:49:24,奥内2工区,作業予定あり
2026-02-03 01:49:24,飛鳥工区,作業中
2026-02-03 01:49:24,白旗野工区,作業中
2026-02-03 01:49:24,鶴ｹ坂･孫内工区,作業中
2026-02-03 01:49:24,太陽台団地工区,現場確認中
2026-02-03 01:49:24,高田工区,現場確認中
2026-02-03 01:49:24,荒川･八ﾂ役1工区,作業中
2026-02-03 01:49:24,荒川･八ﾂ役2工区,作業中
2026-02-03 01:49:24,金浜･上野工区,作業中
2026-02-03 01:49:24,大別内工区,作業中
2026-02-03 01:49:24,野木工区,作業中
2026-02-03 01:49:24,合子沢工区,作業予定あり
2026-02-03 01:49:24,横内1工区,作業予定あり
2026-02-03 01:49:24,横内2工区,作業予定あり
2026-02-03 01:49:24,梨の木工区,現場確認中
2026-02-03 01:49:24,沢山工区,現場確認中
2026-02-03 01:49:24,三本木工区,現場確認中
2026-02-03 01:49:24,矢田工区,作業中
2026-02-03 01:49:24,下湯工区,現場確認中
2026-02-03 02:42:26,A-1,作業中
2026-02-03 02:42:26,A-2,作業中
2026-02-03 02:42:26,A-3,作業中
2026-02-03 02:42:26,A-4,現場確認中
2026-02-03 02:42:26,A-5,作業中
2026-02-03 02:42:26,A-6,作業中
2026-02-03 02:42:26,B-1,現場確認中
2026-02-03 02:42:26,B-2-1,作業中
2026-02-03 02:42:26,B-2-2,作業中
2026-02-03 02:42:26,B-3-1,作業中
2026-02-03 02:42:26,B-3-2,現場確認中
2026-02-03 02:42:26,B-4-1,作業中
2026-02-03 02:42:26,B-4-2,作業中
2026-02-03 02:42:26,B-5,現場確認中
2026-02-03 02:42:26,B-6,作業中
2026-02-03 02:42:26,B-7,現場確認中
2026-02-03 02:42:26,B-8,現場確認中
2026-02-03 02:42:26,B-9,作業中
2026-02-03 02:42:26,B-10-1,作業中
2026-02-03 02:42:26,B-10-2,作業中
2026-02-03 02:42:26,B-11-1,現場確認中
2026-02-03 02:42:26,B-11-2A,作業中
2026-02-03 02:42:26,B-11-2B,作業中
2026-02-03 02:42:26,B-12-1,現場確認中
2026-02-03 02:42:26,B-12-2,現場確認中
2026-02-03 02:42:26,B-13,現場確認中
2026-02-03 02:42:26,C-1-1,作業中
2026-02-03 02:42:26,C-1-2,作業中
2026-02-03 02:42:26,C-2-1,現場確認中
2026-02-03 02:42:26,C-2-2,現場確認中
2026-02-03 02:42:26,C-3-1,現場確認中
2026-02-03 02:42:26,C-3-2,作業中
2026-02-03 02:42:26,C-4-1,作業中
2026-02-03 02:42:26,C-4-2,作業中
2026-02-03 02:42:26,C-5,作業中
2026-02-03 02:42:26,C-6,作業中
2026-02-03 02:42:26,C-7,作業中
2026-02-03 02:42:26,C-8,作業中
2026-02-03 02:42:26,D-1-1,作業中
2026-02-03 02:42:26,D-1-2,作業中
2026-02-03 02:42:26,D-2,作業中
2026-02-03 02:42:26,D-3,作業中
2026-02-03 02:42:26,D-4,作業中
2026-02-03 02:42:26,D-5,作業中
2026-02-03 02:42:26,D-6-1,作業中
2026-02-03 02:42:26,D-6-2,作業中
2026-02-03 02:42:26,D-7,作業中
2026-02-03 02:42:26,D-8,作業中
2026-02-03 02:42:26,D-9,作業中
2026-02-03 02:42:26,D-10,作業中
2026-02-03 02:42:26,D-11,作業中
2026-02-03 02:42:26,D-12-1,作業中
2026-02-03 02:42:26,D-12-2,作業中
2026-02-03 02:42:26,D-13,作業中
2026-02-03 02:42:26,D-14,作業中
2026-02-03 02:42:26,D-15,作業中
2026-02-03 02:42:26,D-16,作業中
2026-02-03 02:42:26,D-17,現場確認中
2026-02-03 02:42:26,E-1-1,現場確認中
2026-02-03 02:42:26,E-1-2,現場確認中
2026-02-03 02:42:26,E-2,作業中
2026-02-03 02:42:26,E-3-1,作業中
2026-02-03 02:42:26,E-3-2,現場確認中
2026-02-03 02:42:26,E-3-3,作業中
2026-02-03 02:42:26,E-4-1,作業中
2026-02-03 02:42:26,E-4-2,作業中
2026-02-03 02:42:26,E-5,作業中
2026-02-03 02:42:26,E-6,作業中
2026-02-03 02:42:26,E-7-1,作業中
2026-02-03 02:42:26,E-7-2,作業中
2026-02-03 02:42:26,E-8,作業中
2026-02-03 02:42:26,E-9,作業中
2026-02-03 02:42:26,E-10-1,作業中
2026-02-03 02:42:26,E-10-2,作業中
2026-02-03 02:42:26,F-1,作業中
2026-02-03 02:42:26,F-2-1,現場確認中
2026-02-03 02:42:26,F-2-2A,作業中
2026-02-03 02:42:26,F-2-2B,現場確認中
2026-02-03 02:42:26,F-2-2C,現場確認中
2026-02-03 02:42:26,F-3,作業中
2026-02-03 02:42:26,F-4-1,作業中
2026-02-03 02:42:26,F-4-2,現場確認中
2026-02-03 02:42:26,F-5,現場確認中
2026-02-03 02:42:26,F-6-1,作業中
2026-02-03 02:42:26,F-6-2,作業予定あり
2026-02-03 02:42:26,F-7,作業中
2026-02-03 02:42:26,F-8-1,作業中
2026-02-03 02:42:26,F-8-2,作業中
2026-02-03 02:42:26,F-9,作業中
2026-02-03 02:42:26,F-10,現場確認中
2026-02-03 02:42:26,F-11,作業予定あり
2026-02-03 02:42:26,G-1-1,作業中
2026-02-03 02:42:26,G-1-2,作業中
2026-02-03 02:42:26,G-2,作業中
2026-02-03 02:42:26,G-3,現場確認中
2026-02-03 02:42:26,G-4,作業中
2026-02-03 02:42:26,G-5,作業中
2026-02-03 02:42:26,G-6-1,現場確認中
2026-02-03 02:42:26,G-6-2,現場確認中
2026-02-03 02:42:26,G-7,現場確認中
2026-02-03 02:42:26,G-8,作業中
2026-02-03 02:42:26,G-9,作業中
2026-02-03 02:42:26,G-10,作業中
2026-02-03 02:42:26,H-1-1,作業予定あり
2026-02-03 02:42:26,H-1-2,作業中
2026-02-03 02:42:26,H-2-1,作業予定あり
2026-02-03 02:42:26,H-2-2,作業中
2026-02-03 02:42:26,H-3,現場確認中
2026-02-03 02:42:26,H-4,作業中
2026-02-03 02:42:26,I-1,作業中
2026-02-03 02:42:26,I-2-1,現場確認中
2026-02-03 02:42:26,I-2-2,作業中
2026-02-03 02:42:26,I-2-3,現場確認中
2026-02-03 02:42:26,I-3-1A,作業中
2026-02-03 02:42:26,I-3-1B,作業中
2026-02-03 02:42:26,I-3-1C,作業中
2026-02-03 02:42:26,I-3-2,作業中
2026-02-03 02:42:26,J-1-1,現場確認中
2026-02-03 02:42:26,J-1-2,作業中
2026-02-03 02:42:26,J-2,作業中
2026-02-03 02:42:26,J-3,作業中
2026-02-03 02:42:26,J-4,作業中
2026-02-03 02:42:26,J-5-1,現場確認中
2026-02-03 02:42:26,J-5-2,作業中
2026-02-03 02:42:26,J-6,作業中
2026-02-03 02:42:26,J-7,作業中
2026-02-03 02:42:26,J-8,現場確認中
2026-02-03 02:42:26,J-9,作業中
2026-02-03 02:42:26,J-10,現場確認中
2026-02-03 02:42:26,J-11,作業中
2026-02-03 02:42:26,J-12,作業中
2026-02-03 02:42:26,J-13,作業予定あり
2026-02-03 02:42:26,J-14,作業中
2026-02-03 02:42:26,J-15,作業中
2026-02-03 02:42:26,J-16-1,作業中
2026-02-03 02:42:26,J-16-2,作業予定あり
2026-02-03 02:42:26,J-17,作業中
2026-02-03 02:42:26,J-18,作業中
2026-02-03 02:42:26,K-1,作業中
2026-02-03 02:42:26,K-2,作業中
2026-02-03 02:42:26,K-3,作業予定あり
2026-02-03 02:42:26,K-4,作業中
2026-02-03 02:42:26,L-1,作業中
2026-02-03 02:42:26,L-2,作業中
2026-02-03 02:42:26,L-3,現場確認中
2026-02-03 02:42:26,L-4,作業中
2026-02-03 02:42:26,L-5,作業予定あり
2026-02-03 02:42:26,L-6,作業中
2026-02-03 02:42:26,L-7,作業中
2026-02-03 02:42:26,L-8,現場確認中
2026-02-03 02:42:26,L-9,作業中
2026-02-03 02:42:26,細越工区,作業中
2026-02-03 02:42:26,問屋町工区,作業中
2026-02-03 02:42:26,松元台団地工区,現場確認中
2026-02-03 02:42:26,幸畑団地1工区,作業中
2026-02-03 02:42:26,幸畑団地2工区,作業中
2026-02-03 02:42:26,幸畑阿部野工区,作業中
2026-02-03 02:42:26,幸畑谷脇工区,作業中
2026-02-03 02:42:26,月見野工区,作業中
2026-02-03 02:42:26,戸山団地1工区,作業中
2026-02-03 02:42:26,戸山団地2工区,作業中
2026-02-03 02:42:26,戸山団地3工区,作業中
2026-02-03 02:42:26,戸山団地4工区,作業中
2026-02-03 02:42:26,野内工区,作業中
2026-02-03 02:42:26,久栗坂工区,作業中
2026-02-03 02:42:26,浅虫工区,作業中
2026-02-03 02:42:26,戸山工区,現場確認中
2026-02-03 02:42:26,桑原工区,作業中
2026-02-03 02:42:26,宮田工区,作業中
2026-02-03 02:42:26,諏訪沢工区,作業中
2026-02-03 02:42:26,後潟工区,作業中
2026-02-03 02:42:26,内真部工区,作業中
2026-02-03 02:42:26,奥内1工区,作業中
2026-02-03 02:42:26,奥内2工区,作業予定あり
2026-02-03 02:42:26,飛鳥工区,作業中
2026-02-03 02:42:26,白旗野工区,作業中
2026-02-03 02:42:26,鶴ｹ坂･孫内工区,作業中
2026-02-03 02:42:26,太陽台団地工区,現場確認中
2026-02-03 02:42:26,高田工区,現場確認中
2026-02-03 02:42:26,荒川･八ﾂ役1工区,作業中
2026-02-03 02:42:26,荒川･八ﾂ役2工区,作業中
2026-02-03 02:42:26,金浜･上野工区,作業中
2026-02-03 02:42:26,大別内工区,作業中
2026-02-03 02:42:26,野木工区,作業中
2026-02-03 02:42:26,合子沢工区,作業予定あり
2026-02-03 02:42:26,横内1工区,作業予定あり
2026-02-03 02:42:26,横内2工区,作業予定あり
2026-02-03 02:42:26,梨の木工区,現場確認中
2026-02-03 02:42:26,沢山工区,現場確認中
2026-02-03 02:42:26,三本木工区,現場確認中
2026-02-03 02:42:26,矢田工区,作業中
2026-02-03 02:42:26,下湯工区,現場確認中
